lm,cost,wer
rus_eng3.fst,22.504817898663486,1.1916764361078547
rus_eng4.fst,20.28891445445485,0.9302461899179367
rus_eng5.fst,18.960073844595538,0.805978898007034
rus_eng6.fst,18.64686042733878,0.7854630715123095
rus_eng7.fst,18.694275586400966,0.7971864009378663
rus_eng8.fst,18.69470055786637,0.7901524032825322
